{"cameraMode":{"drawMode":0,"name":"Shaded","section":"Shading Mode"},"sceneLighting":true,"audioPlay":false,"sceneViewState":{"showFog":true,"showMaterialUpdate":false,"showSkybox":true,"showFlares":true,"showImageEffects":true,"showParticleSystems":true},"in2DMode":false,"pivot":{"x":0.3521457612514496,"y":-5.407052516937256,"z":5.798138618469238},"rotation":{"x":-0.2870405912399292,"y":0.13819658756256104,"z":-0.04188862442970276,"w":-0.9469816088676453},"size":9.704265594482422,"orthographic":false}